event_id,event_date,event_time_et,effective_trading_date,event_description,direction,channel,source_url,surprise_reason,market_session,confounding_news,include_high,review_status,notes
WEB20260325,2026-03-24,,2026-03-25,U.S. reported progress toward negotiations while Iran continued missile attacks on Israel.,mixed,internet_narrative_20,https://www.reuters.com/world/middle-east/iran-war-live-tehran-launches-missiles-israel-after-trump-says-talks-held-2026-03-24/,Simultaneous diplomatic and military surprises materially changed the expected path and duration of the war.,close_to_close,internet review completed,1,approved_narrative_20,Independent manually selected 20-day internet-search specification.
WEB20260413,2026-04-13,,2026-04-13,Failed peace talks were followed by a U.S. naval blockade of Iranian ports.,escalation,internet_narrative_20,https://www.reuters.com/world/china/global-markets-view-europe-2026-04-13/,"The blockade threatened Iranian exports and drove oil above $100, creating an immediate energy and inflation channel.",close_to_close,internet review completed,1,approved_narrative_20,Independent manually selected 20-day internet-search specification.
WEB20260417,2026-04-17,,2026-04-17,Iran said commercial ships would require IRGC approval to transit the Strait of Hormuz.,mixed,internet_narrative_20,https://www.reuters.com/world/middle-east/ships-crossing-hormuz-need-irgc-ok-unfreezing-assets-part-deal-iran-official-2026-04-17/,The announcement changed expectations for shipping access and the terms of any negotiated settlement.,close_to_close,internet review completed,1,approved_narrative_20,Independent manually selected 20-day internet-search specification.
WEB20260505,2026-05-04,,2026-05-05,The United States launched a new operation intended to reopen the Strait of Hormuz.,escalation,internet_narrative_20,https://www.reuters.com/world/iran-war-live-tehran-issues-warning-after-trump-offers-us-help-ships-hormuz-2026-05-04/,The operation represented the largest military escalation since the earlier ceasefire and directly affected oil-shipping risk.,close_to_close,internet review completed,0,approved_narrative_20,Independent manually selected 20-day internet-search specification.
WEB20260526,2026-05-25,,2026-05-26,Iran proposed reopening the Strait of Hormuz 30 days after a peace agreement and extending the ceasefire.,deescalation,internet_narrative_20,https://www.reuters.com/world/middle-east/iran-would-open-strait-hormuz-30-days-after-deal-with-us-end-fighting-nikkei-2026-05-25/,The proposal provided new information about the timing of restored oil flows; the event occurred on a U.S. holiday and is assigned to May 26.,close_to_close,internet review completed,0,approved_narrative_20,Independent manually selected 20-day internet-search specification.
WEB20260529,2026-05-29,,2026-05-29,The United States and Iran reached terms to extend the ceasefire and permit traffic through Hormuz.,deescalation,internet_narrative_20,https://www.reuters.com/world/middle-east/iran-us-trade-air-strikes-after-trump-dismisses-report-hormuz-deal-2026-05-28/,The reported agreement materially reduced near-term military and energy-supply risk.,close_to_close,internet review completed,0,approved_narrative_20,Independent manually selected 20-day internet-search specification.
WEB20260603,2026-06-03,,2026-06-03,Israel and Lebanon agreed to implement a ceasefire while U.S.-Iran talks remained stalled and oil rose.,mixed,internet_narrative_20,https://www.reuters.com/world/middle-east/hostilities-flare-iran-war-oil-jumps-with-talks-stalemate-2026-06-03/,The event altered the regional scope of the conflict while uncertainty about the central U.S.-Iran settlement remained high.,close_to_close,internet review completed,1,approved_narrative_20,Independent manually selected 20-day internet-search specification.
WEB20260609,2026-06-09,,2026-06-09,The United States launched new strikes after Iran downed a U.S. Apache helicopter near Hormuz.,escalation,internet_narrative_20,https://www.reuters.com/world/middle-east/trump-says-us-helicopter-pilots-who-went-down-strait-hormuz-are-fine-2026-06-09/,Direct retaliation threatened the ceasefire and increased the probability of renewed sustained combat.,close_to_close,internet review completed,0,approved_narrative_20,Independent manually selected 20-day internet-search specification.
WEB20260615,2026-06-15,,2026-06-15,The United States and Iran announced a ceasefire agreement intended to reopen Hormuz.,deescalation,internet_narrative_20,https://www.reuters.com/world/asia-pacific/iran-us-agree-halt-war-reopen-hormuz-sending-oil-prices-tumbling-2026-06-15/,The agreement was a major de-escalation surprise with direct implications for global oil supply.,close_to_close,internet review completed,1,approved_narrative_20,Independent manually selected 20-day internet-search specification.
WEB20260619,2026-06-19,,2026-06-22,Israel and Hezbollah agreed to a Lebanon ceasefire after intense regional fighting.,deescalation,internet_narrative_20,https://www.reuters.com/world/middle-east/israel-steps-up-lebanon-attacks-with-strikes-that-kill-15-2026-06-19/,The agreement reduced the probability that the Iran conflict would continue spreading through Lebanon.,close_to_close,internet review completed,0,approved_narrative_20,Independent manually selected 20-day internet-search specification. Event occurred on Juneteenth; assigned to the next trading day.
WEB20260629,2026-06-28,,2026-06-29,Iran and the United States agreed to halt renewed Gulf hostilities and resume Hormuz talks.,deescalation,internet_narrative_20,https://www.reuters.com/world/asia-pacific/us-carries-out-fresh-strikes-against-iran-after-tanker-struck-hormuz-escalating-2026-06-27/,The weekend agreement reduced the risk that recent tit-for-tat strikes would collapse the interim peace process.,close_to_close,internet review completed,0,approved_narrative_20,Independent manually selected 20-day internet-search specification.
WEB20260707,2026-07-07,,2026-07-07,The United States resumed strikes and revoked Iran's oil-sale license after three tankers were hit in Hormuz.,escalation,internet_narrative_20,https://www.reuters.com/world/middle-east/ship-hit-hormuz-millions-march-ayatollah-iran-says-no-talks-unless-trump-halts-2026-07-07/,"The combination of renewed attacks, tanker incidents, and oil sanctions directly increased military and supply risk.",close_to_close,internet review completed,0,approved_narrative_20,Independent manually selected 20-day internet-search specification.
WEB20260709,2026-07-09,,2026-07-09,Iran attacked U.S. military targets across Gulf states in retaliation for U.S. strikes.,escalation,internet_narrative_20,https://www.reuters.com/world/middle-east/iran-says-it-hits-us-military-targets-gulf-prepares-bury-slain-leader-2026-07-09/,Direct attacks on U.S. facilities widened the conflict and undermined the existing ceasefire.,close_to_close,internet review completed,0,approved_narrative_20,Independent manually selected 20-day internet-search specification.
WEB20260713,2026-07-11,,2026-07-13,The United States and Iran agreed to continue talks focused on free access through Hormuz.,deescalation,internet_narrative_20,https://www.reuters.com/world/asia-pacific/trump-says-us-iran-agree-continue-talks-ceasefire-over-2026-07-11/,The weekend announcement improved the diplomatic outlook and addressed the conflict's central energy-market channel.,close_to_close,internet review completed,0,approved_narrative_20,Independent manually selected 20-day internet-search specification.
WEB20260715,2026-07-15,,2026-07-15,The United States reimposed its naval blockade and launched strikes; Iran retaliated against U.S. regional sites.,escalation,internet_narrative_20,https://www.reuters.com/world/middle-east/iran-threatens-block-more-vital-seaways-trump-orders-renewed-iran-blockade-2026-07-15/,The renewed blockade and direct exchange of attacks represented a major reversal of de-escalation expectations.,close_to_close,internet review completed,0,approved_narrative_20,Independent manually selected 20-day internet-search specification.
WEB20260727,2026-07-25,,2026-07-27,The conflict spread toward the Red Sea and Caspian while Gulf strikes temporarily paused.,escalation,internet_narrative_20,https://www.reuters.com/world/asia-pacific/iran-war-spreads-red-sea-caspian-gulf-quiet-us-forgoes-strikes-2026-07-25/,The weekend development broadened the geographic scope of the war and threatened additional shipping routes.,close_to_close,internet review completed,0,approved_narrative_20,Independent manually selected 20-day internet-search specification.
WEB20260805,2026-08-05,,2026-08-05,"Iran, Oman, and the United States were reported close to an agreement on Hormuz access.",deescalation,internet_narrative_20,https://www.aljazeera.com/news/2026/8/5/iran-oman-us-close-to-hormuz-deal-what-do-they-all-want,A prospective shipping agreement could restore a major global oil route and pave the way for wider negotiations.,close_to_close,internet review completed,0,approved_narrative_20,Independent manually selected 20-day internet-search specification.
WEB20260901,2026-09-01,,2026-09-01,The United States launched major new strikes on IRGC sites and Iran retaliated against U.S. regional bases.,escalation,internet_narrative_20,https://www.reuters.com/world/middle-east/iran-urges-us-comply-with-interim-deal-after-trump-threatens-further-strikes-2026-09-01/,The largest exchange since July sharply increased military risk and further threatened Hormuz oil flows.,close_to_close,internet review completed,0,approved_narrative_20,Independent manually selected 20-day internet-search specification.
WEB20260917,2026-09-17,,2026-09-17,Saudi-Houthi fighting intensified and a tanker caught fire in the Strait of Hormuz as renewed U.S. attacks were considered.,escalation,internet_narrative_20,https://www.reuters.com/world/middle-east/trump-hopes-iran-war-nearing-end-houthi-saudi-fighting-escalates-2026-09-17/,The event simultaneously threatened the Red Sea and Hormuz routes and raised the probability of renewed U.S.-Iran escalation.,close_to_close,internet review completed,0,approved_narrative_20,Independent manually selected 20-day internet-search specification.
WEB20260922,2026-09-22,,2026-09-22,Iran offered to reopen the Strait of Hormuz within a week if the United States eased military pressure and lifted its blockade.,deescalation,internet_narrative_20,https://www.reuters.com/world/middle-east/iran-ready-reopen-strait-hormuz-if-us-eases-military-pressure-lifts-blockade-2026-09-22/,The conditional reopening offer materially reduced expected near-term oil-supply disruption and revived diplomatic prospects.,close_to_close,internet review completed,0,approved_narrative_20,Independent manually selected 20-day internet-search specification.
N20260302,2026-03-02,,2026-03-02,"How US-Israel attacks on Iran threaten the Strait of Hormuz, oil markets | Israel-Iran conflict News | Oil prices jump as Iran war threatens shipping through strait of Hormuz | Global markets after Iran strikes: oil surges, airlines sink, bonds defy safe-haven playbook | Iran hits Gulf, Israel; Threatens shipping in Strait of Hormuz | How attack on Iran could impact global oil market and economy | Experts weigh potential scenarios for oil if Strait of Hormuz closes | Tanker hit off Iran amid fears of oil price spike | US-sanctioned oil tanker hit off Oman coast",mixed,news_panel,,yes,close_to_close,passed,1,approved_news_panel,Approved for broad 0.50-threshold sensitivity specification.
N20260303,2026-03-03,,2026-03-03,"Strait of Hormuz: How Iran Conflict Is Disrupting Key Oil Shipping Route | Treasuries Sink as Oil Jump Stokes Inflation Fears: Markets Wrap | Stocks Sell Off as US Attack on Iran Drives Oil Prices Higher | About 10% of global container fleet caught in Hormuz backup, shipping CEO says | Iran War: Oil Price Spike Seen Boosting Canada's Growth, Inflation | Iran declares Strait of Hormuz closed as IRGC threatens oil tankers | 'Live' chance of interest rate hike at March RBA meeting amid oil price spikes affecting inflation, governor says | Reserve Bank of Australia | Strait of Hormuz impasse squeezes world shipping",mixed,news_panel,,yes,close_to_close,passed,1,approved_news_panel,Approved for broad 0.50-threshold sensitivity specification.
N20260304,2026-03-04,,2026-03-04,"Asia stocks fall for third day, oil edges up as markets track Iran war | Global stock markets tumble as Trump bid to avert oil crisis in strait of Hormuz fails to reassure | Tanker heads to UAE port via Strait of Hormuz to load oil, sources say | European markets: Stoxx 600, FTSE, DAX, oil prices, Middle East latest | South Korea's stock market in meltdown amid US-Iran war | Financial Markets News | UAE stocks sell off as markets reopen after Iranian missile strikes | IRGC says Iran in 'complete control' of Strait of Hormuz amid Trump threats | Oil and Gas News | Treasury Secretary Bessent says U.S. will make 'series of announcements' to support oil trade in the Gulf",mixed,news_panel,,yes,close_to_close,passed,1,approved_news_panel,Approved for broad 0.50-threshold sensitivity specification.
N20260305,2026-03-05,,2026-03-05,"U.S. crude oil jumps after Iran says it attacked a tanker | Jim Cramer: Oil is flashing a bullish signal for stocks amid Iran war | 'A big burden for farmers': Gulf shipping crisis threatens food price shock | Supply chain crisis | Oil price continues to rise amid Middle East crisis but stock markets rebound across Asia | Iran war and stocks: Global X says double down on emerging markets | Tanker traffic in the Strait of Hormuz comes to a standstill | Stock market falls resume as US-Israel war with Iran drives up oil and gas prices | 2 reasons why stocks are rallying Wednesday, defying Iran war fears",mixed,news_panel,,yes,close_to_close,passed,1,approved_news_panel,Approved for broad 0.50-threshold sensitivity specification.
N20260306,2026-03-06,,2026-03-06,"Surging energy prices and threats to shipping. How the Middle East war could hurt the global economy | Asia markets set to open lower as Iran conflict sends oil prices soaring | Iran war live updates: US temporarily lets India buy Russian oil amid energy fears; Israeli military launches strikes on Beirut | U.S. offers India a 30-day waiver for Russian oil amid supply worries | 'We're powerless &#x2026; and hoping nothing hits us': trapped on a tanker as Iran war escalates | Shipping industry | Iran war briefing: US lets India buy Russian oil after energy prices jump | Oil falls as U.S. may intervene in futures market, issues waiver for Russian purchases | Oil price heading for biggest weekly gain in four years, as strait of Hormuz traffic grinds to a halt &#x2013; business live",mixed,news_panel,,yes,close_to_close,passed,1,approved_news_panel,Approved for broad 0.50-threshold sensitivity specification.
N20260309,2026-03-09,,2026-03-09,"Iran war threatens prolonged impact on energy markets as oil prices rise | Japan, South Korea stocks tumble over 6% as oil tops $100 amid broader Asia market rout | There's another energy market that may get hit harder than oil by Strait of Hormuz closure | Find safety and income in these tax-exempt bonds as Iran war stirs up the market | Bond Traders Pile Into Inflation Hedges as War Drives Up Oil | This homebuilding play is one of the most oversold stocks amid this week's market turmoil | Kuwait cuts oil production due to Strait of Hormuz closure | Oil prices 'could breach $100 a barrel within days' amid supply disruption from Iran war | Oil",mixed,news_panel,,yes,close_to_close,passed,1,approved_news_panel,Approved for broad 0.50-threshold sensitivity specification.
N20260310,2026-03-10,,2026-03-10,"Putin says Russia can supply oil, gas to Europe as energy prices soar | Trump's 'free flow of energy' vow fails to restart shipping in strait of Hormuz | Iran | Aramco warns of oil market 'catastrophe' unless strait of Hormuz reopens soon | Aramco | US energy secretary's post saying US escorted tanker in Hormuz deleted | White House: Navy didn't escort oil tanker in Strait of Hormuz | Oil crisis stokes inflation risks for Mideast as Iran war exposes importers | Oil plunges as Trump warns Iran against blockading Strait of Hormuz | Oil prices drop sharply after Trump moves to reassure markets over Iran war",mixed,news_panel,,yes,close_to_close,passed,1,approved_news_panel,Approved for broad 0.50-threshold sensitivity specification.
N20260311,2026-03-11,,2026-03-11,"Oil prices hold below $90 but WTI crude resumes rally | Oil jumps, stocks drop as Mideast war prolongs market volatility | The price of Brent crude oil is going crazy &#x2014; but who is 'Brent'? | US Navy tells shipping industry Hormuz escorts not possible for now | White House says US Navy has not escorted tanker through Strait of Hormuz | US targets Iran mine-laying as war causes oil market havoc | US attacks Iran's mine-laying boats in strait of Hormuz as tensions rise over oil | Strait of Hormuz | Iran sends millions of oil barrels to China through Strait of Hormuz even as war chokes the waterway",mixed,news_panel,,yes,close_to_close,passed,1,approved_news_panel,Approved for broad 0.50-threshold sensitivity specification.
N20260312,2026-03-12,,2026-03-12,"Middle East crisis live: Iran steps up attacks on ports, tankers and oil terminals in campaign to disrupt energy markets | US-Israel war on Iran | CNBC Daily Open: Oil market reserve release fails to calm crude prices | Iran war threatens to upend stocks, bonds and the US dollar | Middle East war creating 'largest supply disruption in the history of oil markets' | Oil | Jim Cramer says these 3 stock market themes could work if the oil shock eases | Ukraine war briefing: row between Kyiv and Hungary over pipeline carrying Russian oil deepens | Oil prices jump: IEA record reserve release, markets doubt relief | CNBC Daily Open: Oil and trade tariff uncertainty rattle global markets",mixed,news_panel,,yes,close_to_close,passed,1,approved_news_panel,Approved for broad 0.50-threshold sensitivity specification.
N20260313,2026-03-13,,2026-03-13,U.S. allows temporary purchases of Russian oil already at sea to stabilize energy markets | Jim Cramer: Don't let Iran war-induced market volatility scare you out of stocks | Ukraine war briefing: Putin envoy says US better understands importance of Russian oil amid energy crisis | US eases Russia oil sanctions as Iran war pushes up energy prices | Oil stays above $100 a barrel amid Iran's stranglehold on Strait of Hormuz | US-Israel war on Iran News | U.S. Treasury yields hold steady ahead of key inflation data | The market won't bottom until investors get more scared. Watch this 'VIX' level | Warren: State should give more aid to Americans stuck in Middle East,mixed,news_panel,,yes,close_to_close,passed,1,approved_news_panel,Approved for broad 0.50-threshold sensitivity specification.
N20260316,2026-03-16,,2026-03-16,"Strategic oil release may calm markets but cannot fix Hormuz disruption | Bessent says Treasury is not intervening in oil commodities markets and has no authority to do so | Oil eases, equities rise as market focuses on Strait of Hormuz | Pakistan-bound oil tanker passes through Hormuz Strait amid Iran war | Trump threatens to strike Iran's Kharg Island oil network if shipping lanes remain blocked | Week in review: How we navigated the Iran war-driven surge in oil that slammed stocks | Why the US Attack on Iran's Kharg Island Is a Worry for Oil Markets | U.S. oil tops $100 as Trump threatens strikes on Iran's crude facilities",mixed,news_panel,,yes,close_to_close,passed,1,approved_news_panel,Approved for broad 0.50-threshold sensitivity specification.
N20260317,2026-03-17,,2026-03-17,"Oil price WTI, Brent: uncertainty over U.S.-led Hormuz shipping coalition | Iran hits UAE energy supplies, tanker struck near Strait of Hormuz | Iran War: Oil and Gas Supply Squeeze and Strait of Hormuz Disruption, Explained | Sri Lanka brings in four-day week to eke out stocks of oil and gas hit by Iran war | Hormuz: Trump signals coalition to protect oil tankers not ready yet | Tracking the Strait of Hormuz, gas and oil prices as war with Iran widens | Central Banks Confront Inflation Worries That Have Upended Markets | Strait of Hormuz: As Iran Blocks Key Route, What Can Oil Producers Do?",mixed,news_panel,,yes,close_to_close,passed,1,approved_news_panel,Approved for broad 0.50-threshold sensitivity specification.
N20260318,2026-03-18,,2026-03-18,"Jim Cramer: Stocks rising despite oil gains signals a new market message | Oil brent WTI: U.S. inventories, UAE attack | Trump waives U.S. shipping law for 60 days to steady oil market | Oil flows again through controversial California pipeline after Trump order | Trump waives US shipping law for oil and gas in bid to lower prices | Fed Rate Cut Bets Fade as Oil Prices, Producer Inflation Exceed Forecasts | Tehran warns Gulf energy installations after oil industry facilities hit in southern Iran | Fed holds interest rates steady as Iran war drives up oil prices and inflation fears",mixed,news_panel,,yes,close_to_close,passed,1,approved_news_panel,Approved for broad 0.50-threshold sensitivity specification.
N20260319,2026-03-19,,2026-03-19,"Oil jumps 4% as Iranian strikes on Qatar's key energy facility stoke supply worries | European countries and Japan: ready to help on Hormuz, stabilise energy markets | Strait of Hormuz: As Iran Blocks Key Oil Shipping Route, Can Naval Escorts Help? | Inflation dominates Powell's remarks, pressures stocks. Plus, big earnings tonight | Which fuel and energy solutions can Australia implement quickly to be less dependent on foreign oil? | Jim Cramer: You can still find stocks to buy on tough days in the market | Tech stocks: Qatar attack, semiconductor supply chain, LNG, helium | Asia's stock markets dive after attacks on energy facilities in Qatar, Iran | US-Israel war on Iran News",mixed,news_panel,,yes,close_to_close,passed,1,approved_news_panel,Approved for broad 0.50-threshold sensitivity specification.
N20260320,2026-03-20,,2026-03-20,"Oil, WTI, Brent: U.S. weighs releasing sanctioned Iranian crude | Goldman sees risks of market correction rising &#x2014; and bonds won't help weather it | Israel says Haifa oil refinery hit in Iranian missile attack | Latest Oil Market News and Analysis for March 20 | Work from home and slow down on the road: world's energy watchdog advises emergency measures as oil prices rise | Oil | Iran hits Kuwaiti oil refinery as Israel renews attacks on Tehran | U.S. Treasury yields edge higher as Iran war drives inflation pressure | Gold rebounds, silver extends losses as oil price sparks volatility",mixed,news_panel,,yes,close_to_close,passed,1,approved_news_panel,Approved for broad 0.50-threshold sensitivity specification.
N20260323,2026-03-23,,2026-03-23,"Stocks, bonds and gold slump while Iran war rages | 'Liquid gold': heating oil thefts rise in Northern Ireland as Iran war sends prices soaring | Energy bills | Oil prices whipsaw as Trump's Hormuz ultimatum and Iran threats keep markets on edge | US lifts sanctions on Iranian oil at sea in bid to ease supply pressures | The Strait of Hormuz is about more than just oil. It feeds 100 million people | US strikes Iran bases threatening blocked Hormuz oil route | US says 'took out' Iran base threatening blocked Hormuz oil route | G7 ready to act to protect global energy supplies, backs Hormuz Strait security",mixed,news_panel,,yes,close_to_close,passed,1,approved_news_panel,Approved for broad 0.50-threshold sensitivity specification.
N20260324,2026-03-24,,2026-03-24,"California sues Trump energy department over revival of controversial oil pipeline | Trump's 'very good' talks with Iran buy him time with oil and energy markets | US-Israel war on Iran | Oil markets: WTI, Brent, Middle East tensions keep markets on edge | Brent crude oil back over $100 a barrel as optimism over Middle East de-escalation fades &#x2013; business live | The charts to watch in tech, gold and emerging market stocks as volatility persists | Bahrain proposes UN Security Council approve use of force to protect Hormuz shipping | Iran attacks in Strait of Hormuz are 'economic terrorism,' UAE oil exec says | Asia markets: Oil, Nikkei 225, Hang Seng Index, Kospi",mixed,news_panel,,yes,close_to_close,passed,1,approved_news_panel,Approved for broad 0.50-threshold sensitivity specification.
N20260326,2026-03-26,,2026-03-26,"Oil price: WTI, Brent after Iran rejects direct U.S. talks | The oil market is in 'backwardation' &#x2014; what it means for energy prices | European markets: Stoxx 600, FTSE, DAX, CAC, Iran war news, oil prices | Iran war: India's fertiliser supply under strain after Hormuz blockade | Fears net zero is 'next Brexit' as oil crisis fuels political climate divide | Renewable energy | Trump says oil and stock market reaction to Iran conflict not as severe as he expected | Trump says Iran let 10 oil ships through Strait of Hormuz as 'present' to U.S. | Trump suggests that Iran let ten oil tankers through Strait of Hormuz",mixed,news_panel,,yes,close_to_close,passed,0,approved_news_panel,Approved for broad 0.50-threshold sensitivity specification.
N20260327,2026-03-27,,2026-03-27,"Oil price: WTI, Brent after Trump signals Strait of Hormuz easing tensions | CNBC Daily Open: Could the Strait of Hormuz be close to reopening? Markets cast doubt | Middle East crisis live: Trump pausing strikes on Iran energy sites; Houthis say 'no reason' to halt Red Sea shipping | US-Israel war on Iran | The Strait of Hormuz is not just an oil chokepoint | Saudi, UAE, Iraq: Can three pipelines help oil escape Strait of Hormuz? | The key to this stock market is oil &#x2014; what investors need to consider | Dow on verge of correction as Iran war and inflation cloud outlook for markets | These inflation-protected plays can help investors manage the impact of higher prices",mixed,news_panel,,yes,close_to_close,passed,1,approved_news_panel,Approved for broad 0.50-threshold sensitivity specification.
N20260330,2026-03-30,,2026-03-30,"Oil price: WTI, Brent as Yemen's Houthis enter Israel-Iran war | Brent Crude rises after Trump says he wants to 'take the oil' in Iran; Starmer to gather business leaders to discuss emergency measures &#x2013; business live | Business | G7 ready to take 'necessary measures' to ensure energy market stability | Oil and Gas News | US Stocks Crater Under Iran, Oil Pressure | Uncertainty over war-induced oil crisis dominates key energy summit | Wall Street Selloff Deepens as Iran War Hits Stocks, Bonds, Bitcoin | How Trump and the oil markets move in sync: A tango in six charts | Iran war-hit oil prices will soon rise if Hormuz stays shut",mixed,news_panel,,yes,close_to_close,passed,1,approved_news_panel,Approved for broad 0.50-threshold sensitivity specification.
N20260331,2026-03-31,,2026-03-31,"Asia-Pacific markets fall amid crude oil prices volatility | Oil price: WTI, Brent as Trump threatens energy sites without a deal | Live updates: Iran war news, Kuwaiti oil tanker attack, Trump threatens Iran's energy facilities | Giant oil tanker off Dubai hit by Iranian strike, Trump threatens to obliterate Iran energy, oil plants | Stocks, bonds and commodities: How markets have traded the Iran war | Kuwaiti tanker hit by Iranian attack in Dubai port, raising oil spill fears | Middle East crisis live: oil spill warning after tanker attacked in Dubai; explosions in Tehran and Jerusalem amid wave of attacks | More drilling in North Sea 'not the answer' for UK energy security, say former military leaders | Oil",mixed,news_panel,,yes,close_to_close,passed,0,approved_news_panel,Approved for broad 0.50-threshold sensitivity specification.
N20260401,2026-04-01,,2026-04-01,"Strait of Hormuz: Trump administration believes it will have to end Iran war with oil chokepoint still closed | Oil prices extend gains after record monthly rally as Iran war fuels supply worries | Oil tumbles below $100 a barrel and stock markets soar on hopes Middle East war will end soon &#x2013; business live | Oil price falls and markets rally after Trump says Iran war over in 'two to three weeks' | US-Israel war on Iran | UK food inflation 'could hit 9% this year' as Iran war drives up energy prices | Food & drink industry | Oil supply crunch will worsen in April, IEA warns | UK to host multi-nation meeting on Hormuz shipping Thursday | Stocks soar on hopes of Iran war resolution &#x2014; plus, Lilly takes a big swing in sleep disorders",mixed,news_panel,,yes,close_to_close,passed,0,approved_news_panel,Approved for broad 0.50-threshold sensitivity specification.
N20260402,2026-04-02,,2026-04-02,"Hormuz chokepoint: Iran turns Larak Island into oil checkpoint | Polymarket and other prediction platforms driving oil market, traders say | Trump's threat to hit Iran 'extremely hard' jolts Asian stocks, U.S. futures and oil | Oil price rises and markets slide after Trump warning to Iran | Trump Iran war speech points to even deeper oil supply disruption | Here are 3 ways to ignite a 2026 rally in beaten-down bank stocks | &#x30D1;&#x30AD;&#x30B9;&#x30BF;&#x30F3;&#x3068;&#x30A2;&#x30D5;&#x30AC;&#x30CB;&#x30B9;&#x30BF;&#x30F3;&#x5354;&#x8B70;&#x958B;&#x59CB;&#x3001;&#x4E2D;&#x56FD;&#x4EF2;&#x4ECB;&#x3000;&#x65B0;&#x7586;&#x30A6;&#x30EB;&#x30E0;&#x30C1;&#x3067; | &#xFF2E;&#xFF39;&#x5916;&#x70BA;&#x5E02;&#x5834;&#xFF1D;&#x30C9;&#x30EB;&#x4E0B;&#x843D;&#x3001;&#x4E2D;&#x6771;&#x505C;&#x6226;&#x671F;&#x5F85;&#x3067;&#x300C;&#x6709;&#x4E8B;&#x306E;&#x30C9;&#x30EB;&#x8CB7;&#x3044;&#x300D;&#x306B;&#x5DFB;&#x304D;&#x623B;&#x3057;",mixed,news_panel,,yes,close_to_close,passed,0,approved_news_panel,Approved for broad 0.50-threshold sensitivity specification.
N20260406,2026-04-06,,2026-04-06,"'It's all fear and headlines': energy traders race to keep pace with volatile oil markets | Oil | Iraq Tells Buyers to Collect Oil After Iran Allows Its Crude Through Hormuz | Libya's oil disputes mirror Hormuz crisis, fuel European energy fears | Oil and Gas News | Oil, strait of Hormuz and empty threats: a timeline of Trump's flip-flopping on the Iran war | Donald Trump | Cubans study oil tanker diplomacy for signs of progress in secret talks with US | Slovak PM says EU should drop sanctions on Russian oil and gas to boost energy security | Ukraine hits port in Russia's Primorsk, oil refinery in Nizhny Novgorod | News | Iranian drone strikes hit Kuwait's oil infrastructure before Opec+ supply talks | Oil",mixed,news_panel,,yes,close_to_close,passed,1,approved_news_panel,Approved for broad 0.50-threshold sensitivity specification.
N20260407,2026-04-07,,2026-04-07,"What alternatives to Hormuz do Gulf energy producers have? | European stocks tick higher as Iran war deadline unsettles markets | Asian Coal Bonds Beat Peers as Iran War Triggers Energy Rethink | Strait of Hormuz shipping blockade update | Strait of Hormuz blockage upends global helium supply. This U.S. company could benefit | Play defense with these dividend stocks, says Jefferies | A great earnings season is likely around the corner. Will it matter to the market? | Jim Cramer says potential stock market bottom is tied to interest rates, not war headlines",mixed,news_panel,,yes,close_to_close,passed,1,approved_news_panel,Approved for broad 0.50-threshold sensitivity specification.
N20260408,2026-04-08,,2026-04-08,"U.S.-Iran ceasefire: gold, oil, stocks, treasuries | Oil prices plunge 15% to below $100, stocks surge and dollar slumps after Trump announces US-Iran ceasefire &#x2013; business live | Will shipping in the strait of Hormuz &#x2013; and oil prices &#x2013; return to normal? | Oil prices drop and stocks rally after Trump's ceasefire announcement | Oil prices plunge and stocks jump after Trump announces conditional ceasefire with Iran | Oil prices slide, stocks surge as Trump announces two-week Iran ceasefire | Asian tech stocks surge as U.S.-Iran cease fire ease Hormuz disruption worries | In Strait of Hormuz, Iran and China take aim at US dollar hegemony",mixed,news_panel,,yes,close_to_close,passed,1,approved_news_panel,Approved for broad 0.50-threshold sensitivity specification.
N20260409,2026-04-09,,2026-04-09,"Oil prices: WTI, Brent, Iran accuse U.S. of ceasefire breach | Hormuz Strait oil traffic down after ceasefire; Hassett credits one tanker | 'Mental breakdown': oil tanker workers stuck in Gulf for six weeks are reaching their limit | Shipping industry | Fundstrat's Tom Lee says the market has bottomed, stocks are headed to all-time highs | Brent oil spot price above $120 as ceasefire fails to solve deep disruption | Oil prices plunge, stocks surge on US-Iran ceasefire | Jim Cramer says the market's rally is a peek into what stocks are worth buying | Crude rises, stocks fall on fears over nascent Iran ceasefire",mixed,news_panel,,yes,close_to_close,passed,1,approved_news_panel,Approved for broad 0.50-threshold sensitivity specification.
N20260410,2026-04-10,,2026-04-10,"Oil price: WTI, Brent, Saudi pipeline attack, Middle East war | Dated brent: What this real-world oil price says about market stress | Iran attacks on crucial Saudi pipeline and production facilities slash kingdom's oil output | Shipping toll for Hormuz passage sharply divides nations | Attacks cut Saudi oil output and East-West pipeline flow, state news agency says | Trump says Iran 'better stop' tolling oil tankers in Hormuz Strait | Asia-Pacific markets: Iran, U.S., ceasefire, deal, oil | Trump says Iran doing 'poor job' of letting oil through Hormuz",mixed,news_panel,,yes,close_to_close,passed,1,approved_news_panel,Approved for broad 0.50-threshold sensitivity specification.
N20260414,2026-04-14,,2026-04-14,"Oil: WTI, Brent as markets weigh Hormuz blockade against diplomacy | U.S. Hormuz blockade hits India just as Russian oil purchase waiver expires, deepening energy worries | CNBC Daily Open: Markets bet on a U.S.-Iran deal amid Hormuz blockade | European markets: Stoxx 600, FTSE, DAX, Iran latest, oil prices | Asia's stock markets surge, oil falls on hopes for US-Iran talks | Financial Markets News | BP flags 'exceptional' oil trading performance as Iran war chokes supply | US blockade of Iran ports threatens already crippled oil supply | Hormuz mission talks to focus on sanctions, seafarer releases, shipping readiness &#x2013; source",mixed,news_panel,,yes,close_to_close,passed,0,approved_news_panel,Approved for broad 0.50-threshold sensitivity specification.
N20260415,2026-04-15,,2026-04-15,"Stocks keep the rally going and oil tumbles. Here's why we have some trepidation | Jim Cramer says the market rally shows why you can't bail on stocks | Markets bet on U.S.-Iran deal despite Hormuz Strait blockade | Oil prices: Possible U.S.-Iran talks revive hopes of easing Hormuz tensions | European markets: Stox 600, FTSE, DAX, CAC, Iran latest, oil prices | Wells Fargo: Take profits on energy despite higher oil forecasts | Rogoff Calls Dollar 20% Overvalued, Warns Markets 'Naive' on War | Trump calls for UK North Sea oil drilling, ramps up energy criticism",mixed,news_panel,,yes,close_to_close,passed,1,approved_news_panel,Approved for broad 0.50-threshold sensitivity specification.
N20260416,2026-04-16,,2026-04-16,"Australia, Malaysia pledge to strengthen energy supply chain resilience in wake of Iran war | European markets: Stoxx 600, FTSE, DAX, CAC, oil prices, Iran latest | Fire breaks out at crucial Australian refinery, raising fuel supply fears | Europe has only six weeks' supply of jet fuel left owing to Iran war, says energy chief | Airline industry | Our 4 best and worst performing stocks since the Iran war market bottom | Shipping Disruptions from Hormuz Crisis | Another sign of market strength pops up as stocks recover Iran war losses | Here's the latest tanker traffic in Strait of Hormuz",mixed,news_panel,,yes,close_to_close,passed,1,approved_news_panel,Approved for broad 0.50-threshold sensitivity specification.
N20260420,2026-04-20,,2026-04-20,"European stock markets fall and oil and gas prices jump as strait of Hormuz 'chaos' worries investors &#x2013; business live | Business | Shipping firms seek clarifications before crossing Hormuz | Cheaper petrol prices could take a week to reach Australia after strait of Hormuz opening eases global oil chokehold | UK's Cooper urges full resumption of shipping through Hormuz Strait - AL-MONITOR: The Middle East&#x2BC;s leading independent news source since 2012 | As oil prices plunge below $91 after weeks, a new Hormuz crisis emerges | Oil prices rise after Iran restricts access to Strait of Hormuz and ceasefire nears expiration | Oil surges after Iran and U.S. attack ships as tensions escalate over Hormuz | European markets: Stoxx 600, FTSE, DAX, CAC, oil, Iran latest news",mixed,news_panel,,yes,close_to_close,passed,1,approved_news_panel,Approved for broad 0.50-threshold sensitivity specification.
N20260421,2026-04-21,,2026-04-21,"Citi sees 1.3 billion hit to oil stocks if Hormuz disruption persists | China's energy fortress was built to withstand just this type of oil shock | Latest Oil Market News and Analysis for April 21 | Treasury yields little changed as markets await Iran peace talks | Shipping traffic through Hormuz still largely halted | Stocks slip, oil climbs as US-Iran truce expiry looms | HSBC is 'max bullish' stocks, saying Iran conflict is not a game changer | Alaska Air pulls 2026 profit forecast amid fuel costs related uncertainty",mixed,news_panel,,yes,close_to_close,passed,0,approved_news_panel,Approved for broad 0.50-threshold sensitivity specification.
N20260422,2026-04-22,,2026-04-22,"Oil price: WTI, Brent,  Iran ceasefire extension clouds outlook | European markets: Stoxx 600, FTSE, DAX, Iran latest news, oil price | Russia says will halt oil flow to Germany via Druzhba pipeline | US Treasury chief defends pivot to extend Russia oil sanctions relief | How Warsh can give Trump rate cuts, keep Fed independent, and make the market happy | These stocks may rip if the Iran conflict is resolved, UBS says | Trump extends ceasefire in Iran, citing 'seriously fractured' Iranian government | &#x30EC;&#x30D0;&#x30CE;&#x30F3;&#x653F;&#x5E9C;&#x300C;&#x30D2;&#x30BA;&#x30DC;&#x30E9;&#x306E;&#x5A01;&#x5727;&#x306B;&#x5C48;&#x305B;&#x305A;&#x300D;&#x3001;&#x5BFE;&#x7ACB;&#x3082;&#x671B;&#x307E;&#x305A;&#xFF1D;&#x9996;&#x76F8;",mixed,news_panel,,yes,close_to_close,passed,0,approved_news_panel,Approved for broad 0.50-threshold sensitivity specification.
N20260423,2026-04-23,,2026-04-23,"Stocks sink and oil rises with Iran, US no closer to peace talks | UK government borrowing narrowly undershoots forecasts; oil rising over $100 amid strait of Hormuz deadlock &#x2013; business live | 'Tehran tollbooth': what is Iran demanding and what would it mean for oil prices? | Strait of Hormuz | The Strait of Hormuz: Alternative routes for oil exporters | Oil prices jump, stocks retreat as US-Iran peace talks stall | US says forces boarded tanker carrying Iranian oil | Iran fast-boat swarms add to Hormuz threats for shipping | Brent oil tops $105 on report Iran's top negotiator resigned",mixed,news_panel,,yes,close_to_close,passed,0,approved_news_panel,Approved for broad 0.50-threshold sensitivity specification.
N20260424,2026-04-24,,2026-04-24,"Oil price: WTI, Brent after Israel-Lebanon ceasefire extension | Japan core inflation accelerates after five months as Iran war stokes energy worries | Oil rises above $106 per barrel as US, Iran deadlocked in Strait of Hormuz | Lebanan, Iran ceasfire; oil prices; markets; EU meeting; DeepSeek's V4 | Iran-Iraq Tanker War redux? Why the Strait of Hormuz crisis is different | &#x30A4;&#x30E9;&#x30F3;&#x3092;&#x7121;&#x529B;&#x5316;&#x3068;&#x306E;&#x7C73;&#x4E3B;&#x5F35;&#x306B;&#x7591;&#x554F;&#x3001;&#x5546;&#x8239;&#x62FF;&#x6355;&#x306B;&#x9AD8;&#x901F;&#x8247;&#x306E;&#x300C;&#x7FA4;&#x308C;&#x300D; | Trump says Israel-Lebanon ceasefire extended by three weeks | Trump: Americans should expect higher gas prices for 'a little while'",mixed,news_panel,,yes,close_to_close,passed,0,approved_news_panel,Approved for broad 0.50-threshold sensitivity specification.
N20260427,2026-04-27,,2026-04-27,"California's jet fuel supply drops to three-year low as Middle East turmoil squeezes global oil market | California | US sanctions China's 'teapot' refinery for buying Iranian oil | US-Israel war on Iran News | The great energy pivot: US oil and Chinese solar are the winners in Trump's war on Iran | Energy industry | Ukraine Attacks Russia Fertilizer Plant and Oil Refinery | Brent oil tops $107 per barrel after Iran peace talks stall | Oil prices increase after Iran doubles down on Strait of Hormuz closure, accuses US of undermining trust | Energy crisis boosts nuclear power: How to invest in uranium, top stocks | Shipping traffic through Hormuz remains muted with no US-Iran deal in sight, data shows",mixed,news_panel,,yes,close_to_close,passed,1,approved_news_panel,Approved for broad 0.50-threshold sensitivity specification.
N20260428,2026-04-28,,2026-04-28,"BP profits double after 'exceptional' oil trading during Iran war; Brent crude hits three-week high &#x2013; business live | Business | Gold is winning out against the dollar as nations manage global strife | Oil edges higher as traders weigh Iran's Hormuz offer and Trump's next move | Oil prices rise despite Iran's proposal to reopen Strait of Hormuz | Oil and Gas News | Crude extends gains, stocks drop as Trump considers latest Iran proposal | When will Strait of Hormuz be 'safe' for commercial shipping again? | Explainer | &#xFF2E;&#xFF39;&#x5916;&#x70BA;&#x5E02;&#x5834;&#xFF1D;&#x30C9;&#x30EB;&#x5C0F;&#x5E45;&#x5B89;&#x3001;&#x9000;&#x4EFB;&#x9593;&#x969B;&#x306E;&#x30D1;&#x30A6;&#x30A8;&#x30EB;&#x8B70;&#x9577;&#x306E;&#xFF26;&#xFF2F;&#xFF2D;&#xFF23;&#x767A;&#x8A00;&#x306B;&#x6CE8;&#x76EE; | &#x7C73;&#x3001;&#x30A4;&#x30E9;&#x30F3;&#x65B0;&#x63D0;&#x6848;&#x3092;&#x5354;&#x8B70;&#x3000;&#x30C8;&#x30E9;&#x30F3;&#x30D7;&#x6C0F;&#x306E;&#x300C;&#x8981;&#x6C42;&#x306F;&#x4E0D;&#x5909;&#x300D;&#xFF1D;&#x5831;&#x9053;&#x5B98;",mixed,news_panel,,yes,close_to_close,passed,0,approved_news_panel,Approved for broad 0.50-threshold sensitivity specification.
N20260429,2026-04-29,,2026-04-29,These bonds protect against inflation. How to optimize them for your portfolio | Trump administration blocks US wind energy projects in switch to oil and gas | Visualizing shipping through the Strait of Hormuz since war began | UAE quits OPEC in blow to cartel that could reshape global oil markets | US gas prices hit $4.23 high as Hormuz fears drive oil surge | Hormuz shipping traffic remains at a trickle as US-Iran deadlock deepens | Defense stocks have floundered since the Iran war began. Here's why | UAE exit from OPEC is a big blow to the cartel's influence on oil,mixed,news_panel,,yes,close_to_close,passed,0,approved_news_panel,Approved for broad 0.50-threshold sensitivity specification.
N20260430,2026-04-30,,2026-04-30,"Brent crude oil prices surge above $125, highest level since 2022 | Oil & gas hedges, commodity bull market, Siemens Energy | UAE quits OPEC: What that means for the Gulf, energy markets and beyond | Shocking UAE exit rocks OPEC, but group will still hold significant sway over the oil market | Oil extends gains with Brent at $120 as fears of an extended U.S.-Iran conflict rise | Oil prices soar on fears of long supply disruption, US siege of Iran ports | Treasury yields flat as Fed leaves rates unchanged; oil touches $126 | Eurozone inflation soars to 3% as Iran war drives up energy prices",mixed,news_panel,,yes,close_to_close,passed,1,approved_news_panel,Approved for broad 0.50-threshold sensitivity specification.
N20260501,2026-05-01,,2026-05-01,"Treasury yields flat as investors digest  GDP and inflation data | Oil steady after wild swing, stocks diverge in thin trading | Stocks closed April at records. But bonds are signaling a warning | US Treasury warns shippers not to pay Hormuz tolls, even in form of charity | Exxon expects higher oil prices as market absorbs impact of Iran war | S&P 500 heads for its best month since 2020 &#x2014; plus, Apple earnings on deck | Inside the Fed: Powell and Warsh set to clash | &#x7C73;&#x8ECD;&#x306E;&#x6E2F;&#x6E7E;&#x5C01;&#x9396;&#x3067;&#x30A4;&#x30E9;&#x30F3;&#x539F;&#x6CB9;&#x8F38;&#x51FA;&#x6025;&#x6E1B;&#x3001;&#x30BF;&#x30F3;&#x30AB;&#x30FC;&#x6EDE;&#x7559;&#x62E1;&#x5927;&#x3000;&#x5E02;&#x5834;&#x903C;&#x8FEB;",mixed,news_panel,,yes,close_to_close,passed,0,approved_news_panel,Approved for broad 0.50-threshold sensitivity specification.
N20260504,2026-05-04,,2026-05-04,Oil prices flat as Trump's plan for Strait of Hormuz fails to calm market | US-Israel war on Iran News | Strait of Hormuz: US threatens shipping firms with sanctions if they pay Iran tolls | OPEC+ set for another oil output quota hike despite Hormuz closure | Yemen reports hijacked oil tanker headed for Somalia | Trump may not be a fan of clean energy but Iran war is accelerating global shift from oil and gas | Heather Stewart | U.S. crude oil exports surge to record as tankers flock to Gulf Coast | OPEC+ announces symbolic oil output rise during Strait of Hormuz closure | Trump says US to help ships stranded in Strait of Hormuz as tanker hit by projectiles,mixed,news_panel,,yes,close_to_close,passed,1,approved_news_panel,Approved for broad 0.50-threshold sensitivity specification.
N20260506,2026-05-06,,2026-05-06,"Even if an Iran deal calms energy markets, one oil stock can still stand out | Oil prices above $110 are starting to matter to the stock market again | CS Anthem chemical tanker becomes second US-flagged vessel to exit Strait of Hormuz | Oil prices: Trump pauses Strait of Hormuz escort effort | Oil prices ease as US seeks reopening of the Hormuz Strait | Oil prices retreat and global stocks hit record highs after Trump hails 'great progress' on Iran deal &#x2013; business live | Business | Oil prices ease and markets rally as Trump works towards deal with Iran | Out of the danger zone? Oil levels to watch before it's safe to keep buying stocks",mixed,news_panel,,yes,close_to_close,passed,0,approved_news_panel,Approved for broad 0.50-threshold sensitivity specification.
N20260507,2026-05-07,,2026-05-07,"Oil prices today: trump, iran, strait of hormuz, US, crude, brent | Oil: Shell tops profit estimates as Iran war drives crude price surge | Market rebound: Why some stocks are looking past the Iran war | This oil tanker stock has outperformed. Bank of America sees more gains | First Thing: Uncertainty looms as last oil tanker from Middle East arrives in California | US news | Barclays says it's the best buying opportunity in 20 years for these oil stocks | Shell CEO says oil market is short 1 billion barrels due to Iran war | Jet fuel shortage could disrupt summer travel in Asia and Europe",mixed,news_panel,,yes,close_to_close,passed,0,approved_news_panel,Approved for broad 0.50-threshold sensitivity specification.
N20260511,2026-05-11,,2026-05-11,"Iran war will change global energy market in these ways, oil execs say | Oil price today: Brent, WTI rise on Iran war worries | Aramco CEO says oil market will take months to normalize due to Hormuz | China's Energy Imports Drop Sharply as Hormuz Shipments Stall in April | Anwar to Unveil Malaysia Oil Supply Plan as Iran Conflict Disrupts Flows | Oil giant Saudi Aramco says quarterly profits up as crude prices surge | Tanker crosses Strait of Hormuz as U.S. awaits Iran response | China consumer, wholesale inflation tops estimates in April as Iran war drives energy costs higher",mixed,news_panel,,yes,close_to_close,passed,1,approved_news_panel,Approved for broad 0.50-threshold sensitivity specification.
N20260512,2026-05-12,,2026-05-12,"Oil prices today: Brent, WTI rise as Iran tensions escalate | Europe markets: Stoxx 600, FTSE, DAX, CAC, Iran news, oil prices | Global energy crisis highlights meagre oil buffers in developing world | S&P 500, Nasdaq Futures Drop With Inflation in Focus, Oil Surges on Geopolitics | US inflation jumps to 3.8% as energy costs surge from Iran war | Africa's richest man plans new Mombasa oil refinery: Why this matters | Business and Economy News | It's not just Iran and oil raising inflation. Prices also are reaccelerating in these other areas | US government's energy arm assumes Strait of Hormuz will stay shut through late May",mixed,news_panel,,yes,close_to_close,passed,0,approved_news_panel,Approved for broad 0.50-threshold sensitivity specification.
N20260514,2026-05-14,,2026-05-14,"War, inflation and Trump's tariffs have shaken the US. Why does the stock market keep going up? | Stock markets | Cuba has run out of diesel and fuel oil, energy minister says, as US blockade pushes island to brink | Mortgage rates jump to highest level since March | China Hosts Trump for First US State Visit in Nine Years Focused on Trade, Iran | Investors Will Have Plenty on the Line When Trump Meets Xi | Netanyahu Made Secret UAE Visit During Iran War, Israeli Government Says | Bank of Canada Signals Flexibility on Rates With Tariff, Oil Price Risks | At China Summit, Trump Has CEOs, But Xi Has Leverage",mixed,news_panel,,yes,close_to_close,passed,0,approved_news_panel,Approved for broad 0.50-threshold sensitivity specification.
N20260518,2026-05-18,,2026-05-18,"UAE to accelerate oil pipeline project to bypass Strait of Hormuz | Oil prices rise and bonds wobble as Iran war stokes inflation fears | The bond market is flashing a warning, energy geopolitics expert warns | Global oil stockpiles could hit record lows if Hormuz Strait stays closed | The American epoch of oil is collapsing. What comes next could be ugly | Energy | Bond market rout deepens as investors fear 'stagflationary shock' from higher oil prices &#x2013; business live | Business | US extends Russian oil sanctions waiver as Iran war squeezes supply | Hormuz tanker traffic edges higher after wartime low",mixed,news_panel,,yes,close_to_close,passed,0,approved_news_panel,Approved for broad 0.50-threshold sensitivity specification.
N20260519,2026-05-19,,2026-05-19,"US extends sanctions waiver on Russian oil as supply crunch pushes up Brent crude price | Oil prices fall after Trump delays planned Iran strike, easing supply disruption fears | Asian markets cautious, oil dips after Trump holds off on Iran attack | Treasury retreat eases, traders eye highest 30-year yield since 1999 | 'We're looking at shortages.' The Iran war has caused a motor oil supply crunch | Tech stocks retreat, oil dips after Trump holds off on Iran attack | 30-year US Treasury yield hits highest level in 19 years | Trump says he's postponing Iran attack at Middle East leaders' request",mixed,news_panel,,yes,close_to_close,passed,0,approved_news_panel,Approved for broad 0.50-threshold sensitivity specification.
N20260520,2026-05-20,,2026-05-20,"CNBC Daily Open: Stocks yield to bond market pressure | India Prepares to Send Oil Tankers Through Hormuz for New Supply | Asia-Pacific markets: Treasury yields, Nikkei 225, Kospi | Ukraine war briefing: Britain to buy diesel and jet fuel made from Russian crude oil | A market correction may be looming as equities face off against bonds | UK inflation slows to 2.8% as energy price cap softens impact of rising fuel costs | UK relaxes strict sanctions on Russian crude oil | U.S. Treasury yields inch lower amid 'significant' inflation risk",mixed,news_panel,,yes,close_to_close,passed,0,approved_news_panel,Approved for broad 0.50-threshold sensitivity specification.
N20260601,2026-06-01,,2026-06-01,"Oil exports through Hormuz might not return to levels before Iran war | France seizes Russia-linked oil tanker with ties to Iranian magnate | U.S. general meets Cuban military officials at edge of Guantanamo Bay | Trump-linked robotics startup tests humanoids in Ukraine, targets U.S. military use | Analysis: The Iran war has made inequality worse. An end won't fix it | 3 themes that drove stocks to another record week &#x2014; and a banner month | Iran War: Incompetent US Diplomats Are Not the Only Option for Global Peace | EU Weighs Temporary Freeze on Russia Oil Price Cap Over Iran War",mixed,news_panel,,yes,close_to_close,passed,0,approved_news_panel,Approved for broad 0.50-threshold sensitivity specification.
N20260608,2026-06-08,,2026-06-08,"Explainer-Why are the Houthis threatening to attack Red Sea shipping and what does it mean for oil markets? | Iran threats against Red Sea are a big vulnerability for oil market | As OPEC+ meets, Iran war hobbles power to shape oil market | OPEC+ set for fourth oil quota hike since Strait of Hormuz closure | Stock markets fall and oil jumps as Middle East conflict intensifies and AI boom falters &#x2013; business live | EV Sales Jump in March in Response to Soaring Gas Prices | Asia's 'Ukraine Moment' Is Supercharging the Energy Transition | LA, Boston Public Transit Ridership Rises Amid War-Fueled Gas Prices",mixed,news_panel,,yes,close_to_close,passed,0,approved_news_panel,Approved for broad 0.50-threshold sensitivity specification.
N20260612,2026-06-12,,2026-06-12,"Oil prices: WTI, Brent on hopes of U.S.-Iran deal despite Tehran pushback | What energy insiders in DC are saying about oil prices and a possible Iran deal | Has the US really carried out a secret mission to get oil through Hormuz? | Proposed Iran-U.S. deal would reopen Hormuz strait and lift oil sanctions, Iran state media says | How Iran-Aligned Houthis' Red Sea Shipping Threat Risks Bigger Oil Shock | Latest Oil Market News and Analysis for June 12 | The tanks in Cushing, Oklahoma, are hitting bottom. The oil market is about to hit a tipping point | CNBC Daily Open: Markets score big as Iran war nears final whistle and SpaceX takes the field",mixed,news_panel,,yes,close_to_close,passed,0,approved_news_panel,Approved for broad 0.50-threshold sensitivity specification.
N20260616,2026-06-16,,2026-06-16,"Goldman cuts oil forecast as Hormuz deal brings forward supply recovery | Oil prices fall; tanker bosses remain cautious on  Hormuz transit | US stock market climbs as US-Iran deal stirs hopes for end to energy chaos | Gold prices may rebound, Barclays says. Mining stocks to benefit | Strait of Hormuz transit will take 'weeks' to resume, largest tanker operator tells FT - AL-MONITOR: The Middle East&#x2BC;s leading independent news source since 2012 | Energy firms brace for 'new era' despite Hormuz deal | Iran deal won't solve oil supply issues overnight. Barclays keeps $100 forecast | How the Strait of Hormuz reopening could unfold if the U.S.-Iran deal is implemented",mixed,news_panel,,yes,close_to_close,passed,0,approved_news_panel,Approved for broad 0.50-threshold sensitivity specification.
N20260618,2026-06-18,,2026-06-18,"Oil falls as International Energy Agency forecasts supply glut next year after U.S.-Iran deal | Hormuz reopening to release wave of oil supply, depress prices | US-Iran deal takeaways: reopening the strait of Hormuz, waived oil sanctions and Lebanon | Oil prices fall, stocks rally as US, Iran sign framework to end war | Why the oil may start flowing through the Strait of Hormuz faster than many believe | Gas prices fall below $4 per gallon as oil supply fears ease after Iran deal | OPEC chief dismisses IEA supply glut forecast as 'critical' Strait of Hormuz reopens | Oil tankers pass Hormuz Strait after war deal: tracker",mixed,news_panel,,yes,close_to_close,passed,0,approved_news_panel,Approved for broad 0.50-threshold sensitivity specification.
N20260720,2026-07-20,,2026-07-20,"Sanctioned tanker is leaking oil near Oman, according to satellite images and experts | Iraq signs deals with Western oil firms, including to revive Syria pipeline | CNBC Daily Open: Spain takes the World Cup, oil takes the market spotlight | US launches ninth night of Iran strikes as strait of Hormuz standoff sees oil price pass $90 a barrel | US strikes Iran for ninth day; Iran says two oil tankers in Strait of Hormuz exploded and immobilised | Oil tops $90 as Iran warns Hormuz 'will not be safe' | As Houthis declare Red Sea blockade on Saudi Arabia, oil markets brace for impact | Prepare your portfolio for inflation risk with these moves",mixed,news_panel,,yes,close_to_close,passed,0,approved_news_panel,Approved for broad 0.50-threshold sensitivity specification.
N20260803,2026-08-03,,2026-08-03,"Oil prices: WTI, Brent: Trump says he called off planned strike on Iran | Turkiye and Iraq sign one-year oil pipeline deal amid global shift | Market scored on Iran war oil price boom. Staying long may not be wise | Oil prices plunge and Europe's stock markets rally after Trump calls off Iran strikes | Oil | U.S. Treasury yields fall as oil prices plunge on Iran de-escalation hopes | 'In Trump we trust': Why the oil market keeps believing him | First Thing: Trump promises new Iran talks as Tehran touts Hormuz shipping deal with Oman | US news | Oil falls 5% after Trump calls off Iran strikes, says Hormuz deal agreed",mixed,news_panel,,yes,close_to_close,passed,0,approved_news_panel,Approved for broad 0.50-threshold sensitivity specification.
N20260810,2026-08-10,,2026-08-10,"oil-prices-today-brent-wti-hormuz-trump-iran | Oil prices, stocks surge as Hormuz closure drags on | UAE says Iran targeted ADNOC tanker in Strait of Hormuz, no casualties | Yemen's Houthis claim responsibility for attack on Saudi oil refinery | Houthis | Oil prices climb as Iranian demands cloud outlook for Strait of Hormuz | Russia sanctions bill honoring Lindsey Graham breezes through Senate | UAE says ship targeted by missile amid heightened U.S.-Iran tensions | Pentagon pushes defense companies to boost weapons production",mixed,news_panel,,yes,close_to_close,passed,0,approved_news_panel,Approved for broad 0.50-threshold sensitivity specification.
N20260817,2026-08-17,,2026-08-17,"Shipping slows through Strait of Hormuz after tanker attacks, data shows | New UK cost of living crisis looms with soaring energy bills forecast to lift inflation | CNBC Daily Open: trump, iran, oil, hormuz, china, berkshire, anthropic | Strait of Hormuz shipping slows as U.S.-Iran ceasefire nears end | What SanDisk told investors this week is a boon for our newest stock | Iran rebuffs Trump's claim over Hormuz amid report of ship strike | SPR depletion raises questions about integrity of oil caverns | Suspected Russian drone shot down in Romanian airspace",mixed,news_panel,,yes,close_to_close,passed,0,approved_news_panel,Approved for broad 0.50-threshold sensitivity specification.
N20260831,2026-08-31,,2026-08-31,"Mapping Iran war's strikes on Gulf energy &#x2013; and what comes next for oil | US-Israel war on Iran News | Trump announces deal with Venezuela to secure more than 65 billion barrels of oil reserves | Iran trade falls as sanctions pressure economy | Turkey, Saudi Arabia, Pakistan to hold first defense pact meeting | Bessent faces G20 diplomacy test amid tariffs, Iran war, bond turmoil | Freedom Fuel stations sold gas a distributor says went unpaid for | U.S. strikes Iranian rocket launchers near Strait of Hormuz | U.S. to sanction another bank in Iran transaction clamp-down: Bessent",mixed,news_panel,,yes,close_to_close,passed,0,approved_news_panel,Approved for broad 0.50-threshold sensitivity specification. Excluded to preserve an equal-sized P50 H/L sample.
N20260914,2026-09-14,,2026-09-14,"Saudis shut down oil pipeline as Houthis tighten grip on Red Sea shipping | New report of attack on Strait of Hormuz shipping fans fears of threats to oil supplies | Oil rises after Saudi Arabia shut down pipeline that bypasses  Hormuz | Satellite images show extent of damage to major Saudi pipeline, amid global oil supply fears | Saudi Arabia has shut a critical oil pipeline. Here's why it matters for the global oil market | Saudi oil pipeline shut down after attack triggers fires | Iran says will discuss Strait of Hormuz with Gulf states on Monday | Shipping News | Gulf oil threatened anew as Houthis reach key island and pipeline is shut down",mixed,news_panel,,yes,close_to_close,passed,0,approved_news_panel,Approved for broad 0.50-threshold sensitivity specification.
N20260921,2026-09-21,,2026-09-21,"iran-us-oil-prices-crude-saudi-arabia- | How Saudi Arabia's pipeline closure affects Asia crude importers | Stock market next week: Outlook for Sept. 21-25, 2026 | The S&P 500 just logged another losing week. These stocks could be due for a bounce | Goldman Sachs blames 'lower happiness' for struggling consumer sentiment | Smoke, flames reported near Riyadh airport after alerts | U.S. urges citizens to rethink Middle East travel as Iran tensions rise | Fed's Kashkari reportedly says inflation is still too high",mixed,news_panel,,yes,close_to_close,passed,0,approved_news_panel,Approved for broad 0.50-threshold sensitivity specification. Excluded to preserve an equal-sized P50 H/L sample.
N20260525,2026-05-25,,2026-05-25,"Oil falls, Asian stocks climb on hopes of US-Iran Hormuz deal | Gold rises as dollar, oil ease on U.S.-Iran deal prospects | Marco Rubio visits India to sell energy as Iran oil shock persists | With oil markets nearing the danger zone, a US-Iran deal can't come soon enough | Heather Stewart | How one medical supply CEO is navigating the oil price shock | Asia markets today: ASX, Nikkei, Sensei, Iran, Trump, Oil | Oil market at 'tank bottoms' in Asia, Europe isn't far behind: Carlyle | Home Depot comps finally catch Lowe's, opening the door for the stock to do the same",mixed,news_panel,,yes,close_to_close,passed,0,approved_news_panel,All candidates approved under the 0.75 specification. Excluded: not a U.S. trading day. Excluded: not a U.S. trading day. Excluded: not a U.S. trading day.
