event_id,event_date,effective_trading_date,direction,channel,event_description,selection_reason,source_url,include_high
WEB20260325,2026-03-24,2026-03-25,mixed,internet_narrative,U.S. reported progress toward negotiations while Iran continued missile attacks on Israel.,Simultaneous diplomatic and military surprises materially changed the expected path and duration of the war.,https://www.reuters.com/world/middle-east/iran-war-live-tehran-launches-missiles-israel-after-trump-says-talks-held-2026-03-24/,1
WEB20260413,2026-04-13,2026-04-13,escalation,internet_narrative,Failed peace talks were followed by a U.S. naval blockade of Iranian ports.,"The blockade threatened Iranian exports and drove oil above $100, creating an immediate energy and inflation channel.",https://www.reuters.com/world/china/global-markets-view-europe-2026-04-13/,1
WEB20260417,2026-04-17,2026-04-17,mixed,internet_narrative,Iran said commercial ships would require IRGC approval to transit the Strait of Hormuz.,The announcement changed expectations for shipping access and the terms of any negotiated settlement.,https://www.reuters.com/world/middle-east/ships-crossing-hormuz-need-irgc-ok-unfreezing-assets-part-deal-iran-official-2026-04-17/,1
WEB20260505,2026-05-04,2026-05-05,escalation,internet_narrative,The United States launched a new operation intended to reopen the Strait of Hormuz.,The operation represented the largest military escalation since the earlier ceasefire and directly affected oil-shipping risk.,https://www.reuters.com/world/iran-war-live-tehran-issues-warning-after-trump-offers-us-help-ships-hormuz-2026-05-04/,1
WEB20260526,2026-05-25,2026-05-26,deescalation,internet_narrative,Iran proposed reopening the Strait of Hormuz 30 days after a peace agreement and extending the ceasefire.,The proposal provided new information about the timing of restored oil flows; the event occurred on a U.S. holiday and is assigned to May 26.,https://www.reuters.com/world/middle-east/iran-would-open-strait-hormuz-30-days-after-deal-with-us-end-fighting-nikkei-2026-05-25/,1
WEB20260529,2026-05-29,2026-05-29,deescalation,internet_narrative,The United States and Iran reached terms to extend the ceasefire and permit traffic through Hormuz.,The reported agreement materially reduced near-term military and energy-supply risk.,https://www.reuters.com/world/middle-east/iran-us-trade-air-strikes-after-trump-dismisses-report-hormuz-deal-2026-05-28/,1
WEB20260603,2026-06-03,2026-06-03,mixed,internet_narrative,Israel and Lebanon agreed to implement a ceasefire while U.S.-Iran talks remained stalled and oil rose.,The event altered the regional scope of the conflict while uncertainty about the central U.S.-Iran settlement remained high.,https://www.reuters.com/world/middle-east/hostilities-flare-iran-war-oil-jumps-with-talks-stalemate-2026-06-03/,1
WEB20260609,2026-06-09,2026-06-09,escalation,internet_narrative,The United States launched new strikes after Iran downed a U.S. Apache helicopter near Hormuz.,Direct retaliation threatened the ceasefire and increased the probability of renewed sustained combat.,https://www.reuters.com/world/middle-east/trump-says-us-helicopter-pilots-who-went-down-strait-hormuz-are-fine-2026-06-09/,1
WEB20260615,2026-06-15,2026-06-15,deescalation,internet_narrative,The United States and Iran announced a ceasefire agreement intended to reopen Hormuz.,The agreement was a major de-escalation surprise with direct implications for global oil supply.,https://www.reuters.com/world/asia-pacific/iran-us-agree-halt-war-reopen-hormuz-sending-oil-prices-tumbling-2026-06-15/,1
WEB20260619,2026-06-19,2026-06-22,deescalation,internet_narrative,Israel and Hezbollah agreed to a Lebanon ceasefire after intense regional fighting.,"The agreement reduced the probability that the Iran conflict would continue spreading through Lebanon. June 19 was a U.S. market holiday, so the event is assigned to June 22.",https://www.reuters.com/world/middle-east/israel-steps-up-lebanon-attacks-with-strikes-that-kill-15-2026-06-19/,1
WEB20260629,2026-06-28,2026-06-29,deescalation,internet_narrative,Iran and the United States agreed to halt renewed Gulf hostilities and resume Hormuz talks.,The weekend agreement reduced the risk that recent tit-for-tat strikes would collapse the interim peace process.,https://www.reuters.com/world/asia-pacific/us-carries-out-fresh-strikes-against-iran-after-tanker-struck-hormuz-escalating-2026-06-27/,1
WEB20260707,2026-07-07,2026-07-07,escalation,internet_narrative,The United States resumed strikes and revoked Iran's oil-sale license after three tankers were hit in Hormuz.,"The combination of renewed attacks, tanker incidents, and oil sanctions directly increased military and supply risk.",https://www.reuters.com/world/middle-east/ship-hit-hormuz-millions-march-ayatollah-iran-says-no-talks-unless-trump-halts-2026-07-07/,1
WEB20260709,2026-07-09,2026-07-09,escalation,internet_narrative,Iran attacked U.S. military targets across Gulf states in retaliation for U.S. strikes.,Direct attacks on U.S. facilities widened the conflict and undermined the existing ceasefire.,https://www.reuters.com/world/middle-east/iran-says-it-hits-us-military-targets-gulf-prepares-bury-slain-leader-2026-07-09/,1
WEB20260713,2026-07-11,2026-07-13,deescalation,internet_narrative,The United States and Iran agreed to continue talks focused on free access through Hormuz.,The weekend announcement improved the diplomatic outlook and addressed the conflict's central energy-market channel.,https://www.reuters.com/world/asia-pacific/trump-says-us-iran-agree-continue-talks-ceasefire-over-2026-07-11/,1
WEB20260715,2026-07-15,2026-07-15,escalation,internet_narrative,The United States reimposed its naval blockade and launched strikes; Iran retaliated against U.S. regional sites.,The renewed blockade and direct exchange of attacks represented a major reversal of de-escalation expectations.,https://www.reuters.com/world/middle-east/iran-threatens-block-more-vital-seaways-trump-orders-renewed-iran-blockade-2026-07-15/,1
WEB20260727,2026-07-25,2026-07-27,escalation,internet_narrative,The conflict spread toward the Red Sea and Caspian while Gulf strikes temporarily paused.,The weekend development broadened the geographic scope of the war and threatened additional shipping routes.,https://www.reuters.com/world/asia-pacific/iran-war-spreads-red-sea-caspian-gulf-quiet-us-forgoes-strikes-2026-07-25/,1
WEB20260805,2026-08-05,2026-08-05,deescalation,internet_narrative,"Iran, Oman, and the United States were reported close to an agreement on Hormuz access.",A prospective shipping agreement could restore a major global oil route and pave the way for wider negotiations.,https://www.aljazeera.com/news/2026/8/5/iran-oman-us-close-to-hormuz-deal-what-do-they-all-want,1
WEB20260901,2026-09-01,2026-09-01,escalation,internet_narrative,The United States launched major new strikes on IRGC sites and Iran retaliated against U.S. regional bases.,The largest exchange since July sharply increased military risk and further threatened Hormuz oil flows.,https://www.reuters.com/world/middle-east/iran-urges-us-comply-with-interim-deal-after-trump-threatens-further-strikes-2026-09-01/,1
WEB20260917,2026-09-17,2026-09-17,escalation,internet_narrative,Saudi-Houthi fighting intensified and a tanker caught fire in the Strait of Hormuz as renewed U.S. attacks were considered.,The event simultaneously threatened the Red Sea and Hormuz routes and raised the probability of renewed U.S.-Iran escalation.,https://www.reuters.com/world/middle-east/trump-hopes-iran-war-nearing-end-houthi-saudi-fighting-escalates-2026-09-17/,1
WEB20260922,2026-09-22,2026-09-22,deescalation,internet_narrative,Iran offered to reopen the Strait of Hormuz within a week if the United States eased military pressure and lifted its blockade.,The conditional reopening offer materially reduced expected near-term oil-supply disruption and revived diplomatic prospects.,https://www.reuters.com/world/middle-east/iran-ready-reopen-strait-hormuz-if-us-eases-military-pressure-lifts-blockade-2026-09-22/,1
